{
    "train": {
        "loss": 3.531984723412193,
        "acc": 0.35214975476264954
    },
    "validation": {
        "loss": 0.00957028865057359,
        "acc": 0.3320019099532169
    }
}