{
    "train": {
        "loss": 3.5948991775512695,
        "acc": 0.3431505858898163
    },
    "validation": {
        "loss": 0.009622704344300487,
        "acc": 0.32826784411348126
    }
}